{
  "project_info": {
    "project_number": "521830347034",
    "firebase_url": "https://cars-127da.firebaseio.com",
    "project_id": "cars-127da",
    "storage_bucket": "cars-127da.appspot.com"
  },
  "client": [
    {
      "client_info": {
        "mobilesdk_app_id": "1:521830347034:android:0fca682015782b5c597ca3",
        "android_client_info": {
          "package_name": "com.codeshot.cars"
        }
      },
      "oauth_client": [
        {
          "client_id": "521830347034-2forr1vquhuld3tjdffr1ek27fhvdfg9.apps.googleusercontent.com",
          "client_type": 1,
          "android_info": {
            "package_name": "com.codeshot.cars",
            "certificate_hash": "5c5d77b8b4aca8e0158076e93b42ad4bd169e4f9"
          }
        },
        {
          "client_id": "521830347034-lspbfd888nqkm2moi9kchoc0vhakoqk8.apps.googleusercontent.com",
          "client_type": 3
        }
      ],
      "api_key": [
        {
          "current_key": "AIzaSyDND3R40qZLe1XoqpKYM5ik4FMxHPtorh4"
        }
      ],
      "services": {
        "appinvite_service": {
          "other_platform_oauth_client": [
            {
              "client_id": "521830347034-lspbfd888nqkm2moi9kchoc0vhakoqk8.apps.googleusercontent.com",
              "client_type": 3
            }
          ]
        }
      }
    },
    {
      "client_info": {
        "mobilesdk_app_id": "1:521830347034:android:e649137a3839399d597ca3",
        "android_client_info": {
          "package_name": "com.codeshot.carscustomerapp"
        }
      },
      "oauth_client": [
        {
          "client_id": "521830347034-es1jbqcl606tcrajb0c9uq66ol1lpk8u.apps.googleusercontent.com",
          "client_type": 1,
          "android_info": {
            "package_name": "com.codeshot.carscustomerapp",
            "certificate_hash": "5c5d77b8b4aca8e0158076e93b42ad4bd169e4f9"
          }
        },
        {
          "client_id": "521830347034-lspbfd888nqkm2moi9kchoc0vhakoqk8.apps.googleusercontent.com",
          "client_type": 3
        }
      ],
      "api_key": [
        {
          "current_key": "AIzaSyDND3R40qZLe1XoqpKYM5ik4FMxHPtorh4"
        }
      ],
      "services": {
        "appinvite_service": {
          "other_platform_oauth_client": [
            {
              "client_id": "521830347034-lspbfd888nqkm2moi9kchoc0vhakoqk8.apps.googleusercontent.com",
              "client_type": 3
            }
          ]
        }
      }
    }
  ],
  "configuration_version": "1"
}